{
    "30_eil_9.tsp": 526.4368601694226,
    "38_rat_9.tsp": 1312.281964776228,
    "400_rd_6.tsp": 6.948771160881391e6,
    "34_pr_3.tsp": 496954.5168343828,
    "202_gr_9.tsp": 20460.330947226797,
    "22_ulysses_3.tsp": 284.2098066855361,
    "80_gr_3.tsp": 26111.11180994506,
    "10_ulysses_9.tsp": 0.7202777242147631,
    "48_att_9.tsp": 125451.01092079988,
    "48_att_6.tsp": 250871.30266653158,
    "14_burma_9.tsp": 4.724843955442653,
    "52_berlin_9.tsp": 34555.288291179764,
    "38_rat_6.tsp": 2621.6948705479685,
    "532_att_9.tsp": 3.765235571669109e7,
    "52_berlin_6.tsp": 66622.98058224325,
    "48_att_3.tsp": 645291.2737730376,
    "40_eil_6.tsp": 2404.7024488903567,
    "318_lin_6.tsp": 1.1022804750814583e7,
    "38_rat_3.tsp": 7831.484300737153,
    "318_lin_9.tsp": 5.477850525183998e6,
    "70_st_9.tsp": 6446.330816938786,
    "40_eil_3.tsp": 6593.399580484072,
    "40_eil_9.tsp": 1177.8014750746731,
    "30_eil_3.tsp": 2826.1164921288905,
    "14_burma_6.tsp": 17.962247641471908,
    "318_lin_3.tsp": 2.334288980065994e7,
    "100_kroA_9.tsp": 463223.9606743217,
    "26_eil_9.tsp": 340.04102360112614,
    "100_kroA_6.tsp": 725251.012380827,
    "22_ulysses_6.tsp": 82.6309678494024,
    "10_ulysses_3.tsp": 54.354823587721164,
    "34_pr_9.tsp": 88813.71273822663,
    "14_burma_3.tsp": 66.21374551350527,
    "30_eil_6.tsp": 943.5452953006119,
    "532_att_3.tsp": 1.1324677108318272e8,
    "532_att_6.tsp": 5.9865293791634575e7,
    "70_st_3.tsp": 33699.2063795439,
    "202_gr_3.tsp": 89960.02071074775,
    "26_eil_3.tsp": 1850.4196829498167,
    "400_rd_9.tsp": 5.213853259897364e6,
    "400_rd_3.tsp": 1.4652633444680588e7,
    "10_ulysses_6.tsp": 7.221996142226361,
    "100_kroA_3.tsp": 1.9165457760238806e6,
    "22_ulysses_9.tsp": 26.217229233402662,
    "44_lin_3.tsp": 154771.34676188958,
    "80_gr_9.tsp": 5044.848923317999,
    "52_berlin_3.tsp": 187640.72719527505,
    "202_gr_6.tsp": 38469.77126226459,
    "44_lin_9.tsp": 22428.432068287348,
    "26_eil_6.tsp": 682.1184524680424,
    "34_pr_6.tsp": 197016.97095421908,
    "80_gr_6.tsp": 8525.02905466759,
    "70_st_6.tsp": 12294.136472400809,
    "44_lin_6.tsp": 53959.73733840768
}