{
    "30_eil_9.tsp": 13368.175677212404,
    "38_rat_9.tsp": 33829.48218057376,
    "400_rd_6.tsp": 4.2204197779562026e7,
    "34_pr_3.tsp": 2.680068183760775e6,
    "202_gr_9.tsp": 315390.2026680217,
    "22_ulysses_3.tsp": 1910.3222234494242,
    "80_gr_3.tsp": 100329.6211034628,
    "10_ulysses_9.tsp": 386.00357990319185,
    "48_att_9.tsp": 3.7050721812612927e6,
    "48_att_6.tsp": 3.7050721812612927e6,
    "14_burma_9.tsp": 401.1262615486509,
    "52_berlin_9.tsp": 762799.3942916733,
    "38_rat_6.tsp": 33829.48218057376,
    "532_att_9.tsp": 4.2973980869838023e8,
    "52_berlin_6.tsp": 762799.3942916733,
    "48_att_3.tsp": 3.7050721812612927e6,
    "40_eil_6.tsp": 27283.430055326586,
    "318_lin_6.tsp": 9.319747043491498e7,
    "38_rat_3.tsp": 33829.48218057376,
    "318_lin_9.tsp": 9.319747043491498e7,
    "70_st_9.tsp": 126234.9274561976,
    "40_eil_3.tsp": 27283.430055326586,
    "40_eil_9.tsp": 27283.430055326586,
    "100_kroA_9.tsp": 8.467999368139246e6,
    "14_burma_6.tsp": 401.12626154865103,
    "30_eil_3.tsp": 13368.175677212404,
    "318_lin_3.tsp": 9.319747043491498e7,
    "26_eil_9.tsp": 9860.144979722862,
    "100_kroA_6.tsp": 8.467999368139246e6,
    "22_ulysses_6.tsp": 1910.3222234494242,
    "10_ulysses_3.tsp": 386.00357990319185,
    "34_pr_9.tsp": 2.680068183760775e6,
    "14_burma_3.tsp": 401.12626154865103,
    "30_eil_6.tsp": 13368.175677212404,
    "532_att_3.tsp": 4.2973980869838023e8,
    "532_att_6.tsp": 4.2973980869838023e8,
    "70_st_3.tsp": 126234.9274561976,
    "202_gr_3.tsp": 315390.2026680217,
    "26_eil_3.tsp": 9860.144979722862,
    "400_rd_9.tsp": 4.2204197779562026e7,
    "400_rd_3.tsp": 4.2204197779562026e7,
    "10_ulysses_6.tsp": 386.00357990319185,
    "100_kroA_3.tsp": 8.467999368139246e6,
    "22_ulysses_9.tsp": 1910.3222234494242,
    "44_lin_3.tsp": 638045.8056964783,
    "80_gr_9.tsp": 100329.6211034628,
    "52_berlin_3.tsp": 762799.3942916733,
    "202_gr_6.tsp": 315390.2026680217,
    "44_lin_9.tsp": 638045.8056964783,
    "26_eil_6.tsp": 9860.144979722862,
    "34_pr_6.tsp": 2.680068183760775e6,
    "80_gr_6.tsp": 100329.6211034628,
    "70_st_6.tsp": 126234.9274561976,
    "44_lin_6.tsp": 638045.8056964783
}