{
    "30_eil_9.tsp": [
        478.9898160443901,
        false,
        60.044
    ],
    "38_rat_9.tsp": [
        1559.1993751220243,
        false,
        60.247
    ],
    "400_rd_6.tsp": [
        6.948771160881391e6,
        false,
        61.005
    ],
    "34_pr_3.tsp": [
        496954.5168343828,
        false,
        60.023
    ],
    "202_gr_9.tsp": [
        20460.330947226797,
        false,
        60.534
    ],
    "22_ulysses_3.tsp": [
        284.2098066855361,
        true,
        0.852
    ],
    "80_gr_3.tsp": [
        26111.11180994506,
        false,
        60.095
    ],
    "10_ulysses_9.tsp": [
        0.7202777242147631,
        true,
        0.132
    ],
    "48_att_9.tsp": [
        125451.01092079988,
        false,
        60.062
    ],
    "48_att_6.tsp": [
        245134.35388709992,
        false,
        60.062
    ],
    "14_burma_9.tsp": [
        4.724843955442653,
        true,
        0.308
    ],
    "52_berlin_9.tsp": [
        34555.288291179764,
        false,
        60.099
    ],
    "38_rat_6.tsp": [
        2574.794609906872,
        false,
        60.491
    ],
    "532_att_9.tsp": [
        3.765235571669109e7,
        false,
        61.401
    ],
    "52_berlin_6.tsp": [
        64546.53094538652,
        false,
        60.055
    ],
    "48_att_3.tsp": [
        664521.7498606225,
        false,
        60.34
    ],
    "40_eil_6.tsp": [
        2404.7024488903567,
        false,
        60.441
    ],
    "318_lin_6.tsp": [
        1.1022804750814583e7,
        false,
        60.748
    ],
    "38_rat_3.tsp": [
        7831.484300737153,
        false,
        60.03
    ],
    "318_lin_9.tsp": [
        5.896963244453926e6,
        false,
        61.032
    ],
    "70_st_9.tsp": [
        6446.330816938786,
        false,
        60.072
    ],
    "40_eil_3.tsp": [
        6178.752793398242,
        false,
        60.049
    ],
    "40_eil_9.tsp": [
        1177.8014750746731,
        false,
        60.538
    ],
    "30_eil_3.tsp": [
        2826.1164921288905,
        false,
        60.025
    ],
    "14_burma_6.tsp": [
        17.962247641471908,
        true,
        0.297
    ],
    "318_lin_3.tsp": [
        2.334288980065994e7,
        false,
        60.292
    ],
    "100_kroA_9.tsp": [
        463223.9606743217,
        false,
        60.123
    ],
    "26_eil_9.tsp": [
        334.26373789114825,
        false,
        60.052
    ],
    "100_kroA_6.tsp": [
        725251.012380827,
        false,
        60.136
    ],
    "22_ulysses_6.tsp": [
        82.6309678494024,
        true,
        9.597
    ],
    "10_ulysses_3.tsp": [
        54.354823587721164,
        true,
        0.163
    ],
    "34_pr_9.tsp": [
        104024.83494635145,
        false,
        60.048
    ],
    "14_burma_3.tsp": [
        66.21374551350527,
        true,
        0.265
    ],
    "30_eil_6.tsp": [
        937.830357812798,
        false,
        60.025
    ],
    "532_att_3.tsp": [
        1.1324677108318272e8,
        false,
        60.369
    ],
    "532_att_6.tsp": [
        5.9865293791634575e7,
        false,
        60.708
    ],
    "70_st_3.tsp": [
        33699.2063795439,
        false,
        60.048
    ],
    "202_gr_3.tsp": [
        89960.02071074775,
        false,
        60.09
    ],
    "26_eil_3.tsp": [
        1850.4196829498167,
        true,
        33.457
    ],
    "400_rd_9.tsp": [
        5.213853259897364e6,
        false,
        61.661
    ],
    "400_rd_3.tsp": [
        1.4652633444680588e7,
        false,
        60.268
    ],
    "10_ulysses_6.tsp": [
        7.221996142226361,
        true,
        0.151
    ],
    "100_kroA_3.tsp": [
        1.9165457760238806e6,
        false,
        60.14
    ],
    "22_ulysses_9.tsp": [
        26.217229233402662,
        true,
        2.238
    ],
    "44_lin_3.tsp": [
        154771.34676188958,
        false,
        60.242
    ],
    "80_gr_9.tsp": [
        5044.848923317999,
        false,
        60.114
    ],
    "52_berlin_3.tsp": [
        187640.72719527505,
        false,
        60.036
    ],
    "202_gr_6.tsp": [
        38469.77126226459,
        false,
        60.19
    ],
    "44_lin_9.tsp": [
        22428.432068287348,
        false,
        60.616
    ],
    "26_eil_6.tsp": [
        654.9234515088477,
        false,
        60.037
    ],
    "34_pr_6.tsp": [
        202442.11131476818,
        false,
        60.016
    ],
    "80_gr_6.tsp": [
        8525.02905466759,
        false,
        60.08
    ],
    "70_st_6.tsp": [
        12294.136472400809,
        false,
        60.071
    ],
    "44_lin_6.tsp": [
        53959.73733840768,
        false,
        60.188
    ]
}